Address	County
214 N MAIN ST.<br />PARDEEVILLE, WI 53954	COLUMBIA
514 S MAIN ST.<br/>PARDEEVILLE, WI 53954	COLUMBIA
1015 N. EDGE TRAIL<br />VERONA, WI 53593	DANE
1209 WILLIAMSON ST.<br />MADISON, WI 53703	DANE
1845 SPRINGDALE ST.<br />MT. HOREB, WI 53572	DANE
204 S CENTURY AVE. # B<br/>WAUNAKEE, WI 53597	DANE
205 N. HOLIDAY DR.<br />WAUNAKEE, WI 53597	DANE
210 S MAIN ST.<br />VERONA, WI 53593	DANE
246 OAK ST.<br />MADISON, WI 53704	DANE
2920 FITCHRONA RD.<br/>FITCHBURG, WI 53719	DANE
3801 E. WASHINGTON AVE.<br/>MADISON, WI 53704	DANE
400 W TOWNE MALL<br/>MADISON, WI 53719	DANE
402 W GORHAM ST.<br />MADISON, WI 53703	DANE
4716 FARWELL ST.<br/>MCFARLAND, WI 53558	DANE
6227 MCKEE RD.<br />FITCHBURG, WI 53719	DANE
7455 MINERAL POINT RD.<br/>MADISON, WI 53719	DANE
787 N MAIN ST. # 1<br/> OREGON, WI 53575	DANE
8210 WATTS RD.<br/>MADISON, WI 53719	DANE
905 N MAIN ST.<br/>OREGON, WI 53575	DANE
965 N PAGE ST.<br />STOUGHTON, WI 53589	DANE
5031 W. OKLAHOMA AVE.<br/>MILWAUKEE, WI 53219	MILWAUKEE
601 S. 1ST ST.<br/>MILWAUKEE, WI 53204	MILWAUKEE
8700 WEST SURA LANE<br />GREENFIELD, WI 53228	MILWAUKEE
8930 W NORTH AVE.<br/>WAUWATOSA, WI 53226	MILWAUKEE
1807 GENEVA ST.<br />DELAVAN, WI 53115	WALWORTH
797 S. WELLS ST.<br />LAKE GENEVA, WI 53147	WALWORTH
1256 CAPITOL DR. #600<br />PEWAUKEE, WI 53072	WAUKESHA
1290 SUMMIT AVE.<br />OCONOMOWOC, WI 53066	WAUKESHA
17300 W BLUEMOUND RD. SUITE 200<br />BROOKFIELD, WI 53045	WAUKESHA
2704, 18985 W. CAPITOL DR.<br />BROOKFIELD, WI 53045	WAUKESHA
N6485 COUNTY RD. F<br />OCONOMOWOC, WI 53066	WAUKESHA
N6485 CTY RD. F<br />OCONOMOWOC, WI 53066	WAUKESHA
